developer,manufacturer,missing_fields,mdc_combinations,mdc_films
123-Pyro,,"manufacturer,physical_state,preparation,reuse_mode,capacity_text,shelf_life_unopened,shelf_life_opened,shelf_life_stock,shelf_life_working",1,1
510-Pyro,,"manufacturer,physical_state,preparation,reuse_mode,capacity_text,shelf_life_unopened,shelf_life_opened,shelf_life_stock,shelf_life_working",189,95
777,,"manufacturer,physical_state,preparation,reuse_mode,capacity_text,shelf_life_unopened,shelf_life_opened,shelf_life_stock,shelf_life_working",12,12
A&B Lith,,"manufacturer,physical_state,preparation,reuse_mode,capacity_text,shelf_life_unopened,shelf_life_opened,shelf_life_stock,shelf_life_working",2,2
ABC Pyro,,"manufacturer,physical_state,preparation,reuse_mode,capacity_text,shelf_life_unopened,shelf_life_opened,shelf_life_stock,shelf_life_working",2,2
ACU-1,,"manufacturer,physical_state,preparation,reuse_mode,capacity_text,shelf_life_unopened,shelf_life_opened,shelf_life_stock,shelf_life_working",36,23
Acufine,,"manufacturer,physical_state,preparation,reuse_mode,capacity_text,shelf_life_unopened,shelf_life_opened,shelf_life_stock,shelf_life_working",118,65
Acurol-N,SPUR Photochemie Dr. Heidrich und Schain GbR,"physical_state,preparation,reuse_mode,capacity_text,shelf_life_opened,shelf_life_stock,shelf_life_working",110,50
Adotech III,ADOX Fotowerke GmbH,"preparation,reuse_mode,capacity_text,shelf_life_unopened,shelf_life_opened,shelf_life_stock",2,1
Adotech IV,ADOX Fotowerke GmbH,"preparation,reuse_mode,shelf_life_unopened,shelf_life_opened,shelf_life_stock,shelf_life_working",7,2
Adox HR-DEV,ADOX Fotowerke GmbH,"physical_state,preparation,reuse_mode,capacity_text,shelf_life_unopened,shelf_life_opened,shelf_life_stock,shelf_life_working",71,48
Adox M-Q Borax,,"manufacturer,physical_state,preparation,reuse_mode,capacity_text,shelf_life_unopened,shelf_life_opened,shelf_life_stock,shelf_life_working",2,2
ADX II,,"manufacturer,physical_state,preparation,reuse_mode,capacity_text,shelf_life_unopened,shelf_life_opened,shelf_life_stock,shelf_life_working",29,29
Agfa 12,,"manufacturer,physical_state,preparation,reuse_mode,capacity_text,shelf_life_unopened,shelf_life_opened,shelf_life_stock,shelf_life_working",4,4
Agfa 14,,"manufacturer,physical_state,preparation,reuse_mode,capacity_text,shelf_life_unopened,shelf_life_opened,shelf_life_stock,shelf_life_working",4,3
Agfa Ansco 17,,"manufacturer,physical_state,preparation,reuse_mode,capacity_text,shelf_life_unopened,shelf_life_opened,shelf_life_stock,shelf_life_working",1,1
Agfa Ansco 47,,"manufacturer,physical_state,preparation,reuse_mode,capacity_text,shelf_life_unopened,shelf_life_opened,shelf_life_stock,shelf_life_working",4,4
Agfa Ansco 48M,,"manufacturer,physical_state,preparation,reuse_mode,capacity_text,shelf_life_unopened,shelf_life_opened,shelf_life_stock,shelf_life_working",1,1
Agfa Ansco 72,,"manufacturer,physical_state,preparation,reuse_mode,capacity_text,shelf_life_unopened,shelf_life_opened,shelf_life_stock,shelf_life_working",2,2
Amaloco AM74,,"manufacturer,physical_state,preparation,reuse_mode,capacity_text,shelf_life_unopened,shelf_life_opened,shelf_life_stock,shelf_life_working",83,41
Arista Liquid,,"manufacturer,physical_state,preparation,reuse_mode,capacity_text,shelf_life_unopened,shelf_life_opened,shelf_life_stock,shelf_life_working",94,32
Arista Premium,,"manufacturer,physical_state,preparation,reuse_mode,capacity_text,shelf_life_unopened,shelf_life_opened,shelf_life_stock,shelf_life_working",28,28
Arista® 76 Powder,,"manufacturer,physical_state,preparation,reuse_mode,capacity_text,shelf_life_unopened,shelf_life_opened,shelf_life_stock,shelf_life_working",5,3
Arista® Premium Liquid,,"manufacturer,physical_state,preparation,reuse_mode,capacity_text,shelf_life_unopened,shelf_life_opened,shelf_life_stock,shelf_life_working",1,1
Arista® Premium Powder,,"manufacturer,physical_state,preparation,reuse_mode,capacity_text,shelf_life_unopened,shelf_life_opened,shelf_life_stock,shelf_life_working",4,2
Ars-Imago FD,,"manufacturer,physical_state,preparation,reuse_mode,capacity_text,shelf_life_unopened,shelf_life_opened,shelf_life_stock,shelf_life_working",78,33
Ars-Imago FE,,"manufacturer,physical_state,preparation,reuse_mode,capacity_text,shelf_life_unopened,shelf_life_opened,shelf_life_stock,shelf_life_working",74,29
Ars-Imago Monobath,ars-imago,"shelf_life_unopened,shelf_life_opened,shelf_life_stock,shelf_life_working",3,3
Atomal 49,ADOX Fotowerke GmbH,"shelf_life_opened,shelf_life_working",132,64
AVR-3,,"manufacturer,physical_state,preparation,reuse_mode,capacity_text,shelf_life_unopened,shelf_life_opened,shelf_life_stock,shelf_life_working",17,9
Bellini B&W Ecofilm,Bellini Foto S.r.l.,"reuse_mode,capacity_text,shelf_life_stock",4,4
Bellini DF2 Duo Step,Bellini Foto S.r.l.,"physical_state,preparation,reuse_mode,capacity_text,shelf_life_unopened,shelf_life_opened,shelf_life_stock,shelf_life_working",104,69
Bellini Euro HC,Bellini Foto S.r.l.,"reuse_mode,shelf_life_unopened,shelf_life_opened,shelf_life_stock,shelf_life_working",2,2
Bellini FX6a Monobath,,"manufacturer,physical_state,preparation,reuse_mode,capacity_text,shelf_life_unopened,shelf_life_opened,shelf_life_stock,shelf_life_working",15,15
Bellini Hydrofen,Bellini Foto S.r.l.,"preparation,reuse_mode,capacity_text,shelf_life_unopened,shelf_life_opened,shelf_life_stock,shelf_life_working",111,56
Bergger Superfine,BERGGER,"reuse_mode,shelf_life_unopened,shelf_life_stock,shelf_life_working",20,16
Berspeed,BERGGER,"reuse_mode,capacity_text,shelf_life_unopened,shelf_life_opened,shelf_life_working",56,26
Beutler,,"manufacturer,physical_state,preparation,reuse_mode,capacity_text,shelf_life_unopened,shelf_life_opened,shelf_life_stock,shelf_life_working",33,30
Beutler-Pyro,,"manufacturer,physical_state,preparation,reuse_mode,capacity_text,shelf_life_unopened,shelf_life_opened,shelf_life_stock,shelf_life_working",5,5
Black/White & Green,,"manufacturer,physical_state,preparation,reuse_mode,capacity_text,shelf_life_unopened,shelf_life_opened,shelf_life_stock,shelf_life_working",57,49
Bluefire HR,,"manufacturer,physical_state,preparation,reuse_mode,capacity_text,shelf_life_unopened,shelf_life_opened,shelf_life_stock,shelf_life_working",3,3
Burton 195,,"manufacturer,physical_state,preparation,reuse_mode,capacity_text,shelf_life_unopened,shelf_life_opened,shelf_life_stock,shelf_life_working",5,5
BW-TNEG,,"manufacturer,physical_state,preparation,reuse_mode,capacity_text,shelf_life_unopened,shelf_life_opened,shelf_life_stock,shelf_life_working",10,8
C-41,,"manufacturer,physical_state,preparation,reuse_mode,capacity_text,shelf_life_unopened,shelf_life_opened,shelf_life_stock,shelf_life_working",1,1
Caffenol,,"manufacturer,physical_state,preparation,reuse_mode,capacity_text,shelf_life_unopened,shelf_life_opened,shelf_life_stock,shelf_life_working",8,8
Caffenol C,,"manufacturer,physical_state,preparation,reuse_mode,capacity_text,shelf_life_unopened,shelf_life_opened,shelf_life_stock,shelf_life_working",24,21
Caffenol C-H,,"manufacturer,physical_state,preparation,reuse_mode,capacity_text,shelf_life_unopened,shelf_life_opened,shelf_life_stock,shelf_life_working",5,4
Caffenol C-H (rs),,"manufacturer,physical_state,preparation,reuse_mode,capacity_text,shelf_life_unopened,shelf_life_opened,shelf_life_stock,shelf_life_working",7,5
Caffenol C-L,,"manufacturer,physical_state,preparation,reuse_mode,capacity_text,shelf_life_unopened,shelf_life_opened,shelf_life_stock,shelf_life_working",32,21
Caffenol C-L (cs),,"manufacturer,physical_state,preparation,reuse_mode,capacity_text,shelf_life_unopened,shelf_life_opened,shelf_life_stock,shelf_life_working",1,1
Caffenol C-M,,"manufacturer,physical_state,preparation,reuse_mode,capacity_text,shelf_life_unopened,shelf_life_opened,shelf_life_stock,shelf_life_working",13,12
Caffenol C-M (+i),,"manufacturer,physical_state,preparation,reuse_mode,capacity_text,shelf_life_unopened,shelf_life_opened,shelf_life_stock,shelf_life_working",3,3
Caffenol C-M (rs),,"manufacturer,physical_state,preparation,reuse_mode,capacity_text,shelf_life_unopened,shelf_life_opened,shelf_life_stock,shelf_life_working",4,4
Caffenol Concoction,,"manufacturer,physical_state,preparation,reuse_mode,capacity_text,shelf_life_unopened,shelf_life_opened,shelf_life_stock,shelf_life_working",4,4
Caffenol Delta Micro,,"manufacturer,physical_state,preparation,reuse_mode,capacity_text,shelf_life_unopened,shelf_life_opened,shelf_life_stock,shelf_life_working",1,1
Caffenol Delta STD,,"manufacturer,physical_state,preparation,reuse_mode,capacity_text,shelf_life_unopened,shelf_life_opened,shelf_life_stock,shelf_life_working",11,11
Caffenol Green Tea,,"manufacturer,physical_state,preparation,reuse_mode,capacity_text,shelf_life_unopened,shelf_life_opened,shelf_life_stock,shelf_life_working",3,3
Caffenol LC+C,,"manufacturer,physical_state,preparation,reuse_mode,capacity_text,shelf_life_unopened,shelf_life_opened,shelf_life_stock,shelf_life_working",2,2
Cawanol,,"manufacturer,physical_state,preparation,reuse_mode,capacity_text,shelf_life_unopened,shelf_life_opened,shelf_life_stock,shelf_life_working",20,20
Cinestill Df96 Monobath,CineStill Film,shelf_life_opened,13,11
D-11,,"manufacturer,physical_state,preparation,reuse_mode,capacity_text,shelf_life_unopened,shelf_life_opened,shelf_life_stock,shelf_life_working",1,1
D-19,,"manufacturer,physical_state,preparation,reuse_mode,capacity_text,shelf_life_unopened,shelf_life_opened,shelf_life_stock,shelf_life_working",14,11
D-23,,"manufacturer,physical_state,preparation,reuse_mode,capacity_text,shelf_life_unopened,shelf_life_opened,shelf_life_stock,shelf_life_working",115,60
D-25,,"manufacturer,physical_state,preparation,reuse_mode,capacity_text,shelf_life_unopened,shelf_life_opened,shelf_life_stock,shelf_life_working",2,2
D-72,,"manufacturer,physical_state,preparation,reuse_mode,capacity_text,shelf_life_unopened,shelf_life_opened,shelf_life_stock,shelf_life_working",6,6
D-76,,"manufacturer,physical_state,preparation,reuse_mode,capacity_text,shelf_life_unopened,shelf_life_opened,shelf_life_stock,shelf_life_working",862,239
D-76D,,"manufacturer,physical_state,preparation,reuse_mode,capacity_text,shelf_life_unopened,shelf_life_opened,shelf_life_stock,shelf_life_working",7,7
D-8,,"manufacturer,physical_state,preparation,reuse_mode,capacity_text,shelf_life_unopened,shelf_life_opened,shelf_life_stock,shelf_life_working",1,1
D-9,,"manufacturer,physical_state,preparation,reuse_mode,capacity_text,shelf_life_unopened,shelf_life_opened,shelf_life_stock,shelf_life_working",1,1
D-96,,"manufacturer,physical_state,preparation,reuse_mode,capacity_text,shelf_life_unopened,shelf_life_opened,shelf_life_stock,shelf_life_working",64,43
D-97,,"manufacturer,physical_state,preparation,reuse_mode,capacity_text,shelf_life_unopened,shelf_life_opened,shelf_life_stock,shelf_life_working",1,1
D175,,"manufacturer,physical_state,preparation,reuse_mode,capacity_text,shelf_life_unopened,shelf_life_opened,shelf_life_stock,shelf_life_working",1,1
D2D,,"manufacturer,physical_state,preparation,reuse_mode,capacity_text,shelf_life_unopened,shelf_life_opened,shelf_life_stock,shelf_life_working",1,1
Dektol,,"manufacturer,physical_state,preparation,reuse_mode,capacity_text,shelf_life_unopened,shelf_life_opened,shelf_life_stock,shelf_life_working",27,19
Diafine,,"manufacturer,physical_state,preparation,reuse_mode,capacity_text,shelf_life_unopened,shelf_life_opened,shelf_life_stock,shelf_life_working",107,72
DiXactol Ultra,,"manufacturer,physical_state,preparation,reuse_mode,capacity_text,shelf_life_unopened,shelf_life_opened,shelf_life_stock,shelf_life_working",7,7
DK-50,,"manufacturer,physical_state,preparation,reuse_mode,capacity_text,shelf_life_unopened,shelf_life_opened,shelf_life_stock,shelf_life_working",39,26
DK-60a,,"manufacturer,physical_state,preparation,reuse_mode,capacity_text,shelf_life_unopened,shelf_life_opened,shelf_life_stock,shelf_life_working",1,1
DK-76,,"manufacturer,physical_state,preparation,reuse_mode,capacity_text,shelf_life_unopened,shelf_life_opened,shelf_life_stock,shelf_life_working",6,5
DK-76b,,"manufacturer,physical_state,preparation,reuse_mode,capacity_text,shelf_life_unopened,shelf_life_opened,shelf_life_stock,shelf_life_working",4,4
Dokumol,,"manufacturer,physical_state,preparation,reuse_mode,capacity_text,shelf_life_unopened,shelf_life_opened,shelf_life_stock,shelf_life_working",3,2
DS-10,,"manufacturer,physical_state,preparation,reuse_mode,capacity_text,shelf_life_unopened,shelf_life_opened,shelf_life_stock,shelf_life_working",3,3
Eco Pro,,"manufacturer,physical_state,preparation,reuse_mode,capacity_text,shelf_life_unopened,shelf_life_opened,shelf_life_stock,shelf_life_working",932,144
Ecoprint Universal,,"manufacturer,physical_state,preparation,reuse_mode,capacity_text,shelf_life_unopened,shelf_life_opened,shelf_life_stock,shelf_life_working",8,8
Emofin,,"manufacturer,physical_state,preparation,reuse_mode,capacity_text,shelf_life_unopened,shelf_life_opened,shelf_life_stock,shelf_life_working",52,38
Eukobrom,,"manufacturer,physical_state,preparation,reuse_mode,capacity_text,shelf_life_unopened,shelf_life_opened,shelf_life_stock,shelf_life_working",3,2
Exactol Lux,,"manufacturer,physical_state,preparation,reuse_mode,capacity_text,shelf_life_unopened,shelf_life_opened,shelf_life_stock,shelf_life_working",1,1
EXG1,,"manufacturer,physical_state,preparation,reuse_mode,capacity_text,shelf_life_unopened,shelf_life_opened,shelf_life_stock,shelf_life_working",8,6
Extend Plus,,"manufacturer,physical_state,preparation,reuse_mode,capacity_text,shelf_life_unopened,shelf_life_opened,shelf_life_stock,shelf_life_working",36,18
F76+,,"manufacturer,physical_state,preparation,reuse_mode,capacity_text,shelf_life_unopened,shelf_life_opened,shelf_life_stock,shelf_life_working",138,55
FA-1027,,"manufacturer,physical_state,preparation,reuse_mode,capacity_text,shelf_life_unopened,shelf_life_opened,shelf_life_stock,shelf_life_working",46,23
FD10,,"manufacturer,physical_state,preparation,reuse_mode,capacity_text,shelf_life_unopened,shelf_life_opened,shelf_life_stock,shelf_life_working",89,49
FF No 1 Monobath,,"manufacturer,physical_state,preparation,reuse_mode,capacity_text,shelf_life_unopened,shelf_life_opened,shelf_life_stock,shelf_life_working",1,1
Finol,Moersch Photochemie,"preparation,reuse_mode,shelf_life_unopened,shelf_life_opened,shelf_life_stock,shelf_life_working",43,33
Foma Retro Special,FOMA BOHEMIA,"shelf_life_unopened,shelf_life_opened,shelf_life_stock",7,6
Foma Universal,FOMA BOHEMIA,"reuse_mode,shelf_life_unopened,shelf_life_opened,shelf_life_stock,shelf_life_working",16,15
Foma W-17 Hydrofen,,"manufacturer,physical_state,preparation,reuse_mode,capacity_text,shelf_life_unopened,shelf_life_opened,shelf_life_stock,shelf_life_working",18,11
Fomadon Excel,FOMA BOHEMIA,"reuse_mode,shelf_life_unopened,shelf_life_opened,shelf_life_stock,shelf_life_working",40,29
Fomadon LQN,FOMA BOHEMIA,"reuse_mode,shelf_life_unopened,shelf_life_opened,shelf_life_stock,shelf_life_working",64,48
Fomadon LQR,FOMA BOHEMIA,"reuse_mode,shelf_life_unopened,shelf_life_opened,shelf_life_stock,shelf_life_working",14,12
Fomadon P,FOMA BOHEMIA,"reuse_mode,shelf_life_unopened,shelf_life_opened,shelf_life_stock,shelf_life_working",30,27
Fomadon R09,FOMA BOHEMIA,"reuse_mode,shelf_life_unopened,shelf_life_opened,shelf_life_stock,shelf_life_working",84,46
FotoApteka A-RSC,,"manufacturer,physical_state,preparation,reuse_mode,capacity_text,shelf_life_unopened,shelf_life_opened,shelf_life_stock,shelf_life_working",1,1
Fuji Microfine,,"manufacturer,physical_state,preparation,reuse_mode,capacity_text,shelf_life_unopened,shelf_life_opened,shelf_life_stock,shelf_life_working",26,14
FX-1,,"manufacturer,physical_state,preparation,reuse_mode,capacity_text,shelf_life_unopened,shelf_life_opened,shelf_life_stock,shelf_life_working",13,13
FX-15,,"manufacturer,physical_state,preparation,reuse_mode,capacity_text,shelf_life_unopened,shelf_life_opened,shelf_life_stock,shelf_life_working",15,8
FX-18,,"manufacturer,physical_state,preparation,reuse_mode,capacity_text,shelf_life_unopened,shelf_life_opened,shelf_life_stock,shelf_life_working",1,1
FX-19,,"manufacturer,physical_state,preparation,reuse_mode,capacity_text,shelf_life_unopened,shelf_life_opened,shelf_life_stock,shelf_life_working",27,27
FX-2,,"manufacturer,physical_state,preparation,reuse_mode,capacity_text,shelf_life_unopened,shelf_life_opened,shelf_life_stock,shelf_life_working",6,6
FX-37,,"manufacturer,physical_state,preparation,reuse_mode,capacity_text,shelf_life_unopened,shelf_life_opened,shelf_life_stock,shelf_life_working",20,17
FX-39,ADOX Fotowerke GmbH,"preparation,capacity_text,shelf_life_unopened,shelf_life_opened,shelf_life_stock,shelf_life_working",110,71
FX-4,,"manufacturer,physical_state,preparation,reuse_mode,capacity_text,shelf_life_unopened,shelf_life_opened,shelf_life_stock,shelf_life_working",4,4
FX-5,,"manufacturer,physical_state,preparation,reuse_mode,capacity_text,shelf_life_unopened,shelf_life_opened,shelf_life_stock,shelf_life_working",5,5
FX-55,,"manufacturer,physical_state,preparation,reuse_mode,capacity_text,shelf_life_unopened,shelf_life_opened,shelf_life_stock,shelf_life_working",29,25
Germain's Finegrain,,"manufacturer,physical_state,preparation,reuse_mode,capacity_text,shelf_life_unopened,shelf_life_opened,shelf_life_stock,shelf_life_working",2,2
GSD-10,,"manufacturer,physical_state,preparation,reuse_mode,capacity_text,shelf_life_unopened,shelf_life_opened,shelf_life_stock,shelf_life_working",12,7
GVB-194,,"manufacturer,physical_state,preparation,reuse_mode,capacity_text,shelf_life_unopened,shelf_life_opened,shelf_life_stock,shelf_life_working",1,1
HC-110,Kodak Alaris,"shelf_life_unopened,shelf_life_opened",656,209
Hubl Glycin Paste,,"manufacturer,physical_state,preparation,reuse_mode,capacity_text,shelf_life_unopened,shelf_life_opened,shelf_life_stock,shelf_life_working",5,5
Hypercat,,"manufacturer,physical_state,preparation,reuse_mode,capacity_text,shelf_life_unopened,shelf_life_opened,shelf_life_stock,shelf_life_working",14,10
ID-11,HARMAN technology / ILFORD,shelf_life_opened,764,212
ID-62,,"manufacturer,physical_state,preparation,reuse_mode,capacity_text,shelf_life_unopened,shelf_life_opened,shelf_life_stock,shelf_life_working",2,2
ID-68,,"manufacturer,physical_state,preparation,reuse_mode,capacity_text,shelf_life_unopened,shelf_life_opened,shelf_life_stock,shelf_life_working",6,5
Ilford Multigrade,,"manufacturer,physical_state,preparation,reuse_mode,capacity_text,shelf_life_unopened,shelf_life_opened,shelf_life_stock,shelf_life_working",5,5
Ilfosol 3,HARMAN technology / ILFORD,"preparation,shelf_life_unopened,shelf_life_stock",308,116
Ilfotec DD,,"manufacturer,physical_state,preparation,reuse_mode,capacity_text,shelf_life_unopened,shelf_life_opened,shelf_life_stock,shelf_life_working",145,42
Ilfotec DD-X,HARMAN technology / ILFORD,"preparation,shelf_life_unopened,shelf_life_stock,shelf_life_working",339,109
Ilfotec HC,HARMAN technology / ILFORD,"preparation,shelf_life_working",198,80
Ilfotec LC29,HARMAN technology / ILFORD,"preparation,shelf_life_unopened,shelf_life_stock,shelf_life_working",249,81
Ilfotec RT Rapid,,"manufacturer,physical_state,preparation,reuse_mode,capacity_text,shelf_life_unopened,shelf_life_opened,shelf_life_stock,shelf_life_working",5,3
JOBO Alpha,,"manufacturer,physical_state,preparation,reuse_mode,capacity_text,shelf_life_unopened,shelf_life_opened,shelf_life_stock,shelf_life_working",2,2
Kalogen,,"manufacturer,physical_state,preparation,reuse_mode,capacity_text,shelf_life_unopened,shelf_life_opened,shelf_life_stock,shelf_life_working",15,14
LegacyPro® L-110,,"manufacturer,physical_state,preparation,reuse_mode,capacity_text,shelf_life_unopened,shelf_life_opened,shelf_life_stock,shelf_life_working",4,3
Liquidol,,"manufacturer,physical_state,preparation,reuse_mode,capacity_text,shelf_life_unopened,shelf_life_opened,shelf_life_stock,shelf_life_working",2,2
Lucky HB-17,,"manufacturer,physical_state,preparation,reuse_mode,capacity_text,shelf_life_unopened,shelf_life_opened,shelf_life_stock,shelf_life_working",13,5
Marathon,,"manufacturer,physical_state,preparation,reuse_mode,capacity_text,shelf_life_unopened,shelf_life_opened,shelf_life_stock,shelf_life_working",40,37
Melonal,,"manufacturer,physical_state,preparation,reuse_mode,capacity_text,shelf_life_unopened,shelf_life_opened,shelf_life_stock,shelf_life_working",1,1
Meritol-Metol,,"manufacturer,physical_state,preparation,reuse_mode,capacity_text,shelf_life_unopened,shelf_life_opened,shelf_life_stock,shelf_life_working",1,1
Metolal,,"manufacturer,physical_state,preparation,reuse_mode,capacity_text,shelf_life_unopened,shelf_life_opened,shelf_life_stock,shelf_life_working",1,1
Microdol-X,,"manufacturer,physical_state,preparation,reuse_mode,capacity_text,shelf_life_unopened,shelf_life_opened,shelf_life_stock,shelf_life_working",144,62
Microphen,HARMAN technology / ILFORD,shelf_life_opened,361,112
Mikratol-2,,"manufacturer,physical_state,preparation,reuse_mode,capacity_text,shelf_life_unopened,shelf_life_opened,shelf_life_stock,shelf_life_working",20,7
Mocon,,"manufacturer,physical_state,preparation,reuse_mode,capacity_text,shelf_life_unopened,shelf_life_opened,shelf_life_stock,shelf_life_working",15,15
Moersch eco,Moersch Photochemie,"shelf_life_opened,shelf_life_stock",8,8
MZB,Moersch Photochemie,"preparation,reuse_mode,capacity_text,shelf_life_unopened,shelf_life_opened,shelf_life_stock,shelf_life_working",4,4
Nanodol,,"manufacturer,physical_state,preparation,reuse_mode,capacity_text,shelf_life_unopened,shelf_life_opened,shelf_life_stock,shelf_life_working",2,1
Neofin Blue,,"manufacturer,physical_state,preparation,reuse_mode,capacity_text,shelf_life_unopened,shelf_life_opened,shelf_life_stock,shelf_life_working",78,46
Neopress HC,,"manufacturer,physical_state,preparation,reuse_mode,capacity_text,shelf_life_unopened,shelf_life_opened,shelf_life_stock,shelf_life_working",107,24
Neutol,,"manufacturer,physical_state,preparation,reuse_mode,capacity_text,shelf_life_unopened,shelf_life_opened,shelf_life_stock,shelf_life_working",1,1
Nucleol BF200,Bellini Foto S.r.l. / Chimifoto Ornano,"physical_state,preparation,reuse_mode,capacity_text,shelf_life_unopened,shelf_life_opened,shelf_life_stock,shelf_life_working",85,38
Obsidian Aqua,,"manufacturer,physical_state,preparation,reuse_mode,capacity_text,shelf_life_unopened,shelf_life_opened,shelf_life_stock,shelf_life_working",2,2
Ornano Gradual ST20,Bellini Foto S.r.l. / Chimifoto Ornano,"physical_state,preparation,reuse_mode,capacity_text,shelf_life_unopened,shelf_life_opened,shelf_life_stock,shelf_life_working",74,34
Paranol S,,"manufacturer,physical_state,preparation,reuse_mode,capacity_text,shelf_life_unopened,shelf_life_opened,shelf_life_stock,shelf_life_working",85,45
Parodinal,,"manufacturer,physical_state,preparation,reuse_mode,capacity_text,shelf_life_unopened,shelf_life_opened,shelf_life_stock,shelf_life_working",6,5
Parvofin,,"manufacturer,physical_state,preparation,reuse_mode,capacity_text,shelf_life_unopened,shelf_life_opened,shelf_life_stock,shelf_life_working",14,14
PC-Glycol,,"manufacturer,physical_state,preparation,reuse_mode,capacity_text,shelf_life_unopened,shelf_life_opened,shelf_life_stock,shelf_life_working",2,1
PC-TEA,,"manufacturer,physical_state,preparation,reuse_mode,capacity_text,shelf_life_unopened,shelf_life_opened,shelf_life_stock,shelf_life_working",39,28
PCK,,"manufacturer,physical_state,preparation,reuse_mode,capacity_text,shelf_life_unopened,shelf_life_opened,shelf_life_stock,shelf_life_working",2,2
Perceptol,HARMAN technology / ILFORD,shelf_life_opened,205,80
PMK,BERGGER,"reuse_mode,shelf_life_opened,shelf_life_stock",128,64
POTA,,"manufacturer,physical_state,preparation,reuse_mode,capacity_text,shelf_life_unopened,shelf_life_opened,shelf_life_stock,shelf_life_working",10,7
PQ Universal,,"manufacturer,physical_state,preparation,reuse_mode,capacity_text,shelf_life_unopened,shelf_life_opened,shelf_life_stock,shelf_life_working",19,18
Prescysol,,"manufacturer,physical_state,preparation,reuse_mode,capacity_text,shelf_life_unopened,shelf_life_opened,shelf_life_stock,shelf_life_working",1,1
Prescysol EF,,"manufacturer,physical_state,preparation,reuse_mode,capacity_text,shelf_life_unopened,shelf_life_opened,shelf_life_stock,shelf_life_working",3,3
Promicrol,,"manufacturer,physical_state,preparation,reuse_mode,capacity_text,shelf_life_unopened,shelf_life_opened,shelf_life_stock,shelf_life_working",192,48
Pyrocat,,"manufacturer,physical_state,preparation,reuse_mode,capacity_text,shelf_life_unopened,shelf_life_opened,shelf_life_stock,shelf_life_working",2,2
Pyrocat-HD,,"manufacturer,physical_state,preparation,reuse_mode,capacity_text,shelf_life_unopened,shelf_life_opened,shelf_life_stock,shelf_life_working",136,69
Pyrocat-HD-M,,"manufacturer,physical_state,preparation,reuse_mode,capacity_text,shelf_life_unopened,shelf_life_opened,shelf_life_stock,shelf_life_working",1,1
Pyrocat-HDC,,"manufacturer,physical_state,preparation,reuse_mode,capacity_text,shelf_life_unopened,shelf_life_opened,shelf_life_stock,shelf_life_working",1,1
Pyrocat-M,,"manufacturer,physical_state,preparation,reuse_mode,capacity_text,shelf_life_unopened,shelf_life_opened,shelf_life_stock,shelf_life_working",13,12
Pyrocat-MC,,"manufacturer,physical_state,preparation,reuse_mode,capacity_text,shelf_life_unopened,shelf_life_opened,shelf_life_stock,shelf_life_working",2,2
Rodinal,ADOX Fotowerke,"preparation,shelf_life_unopened,shelf_life_opened,shelf_life_stock,shelf_life_working",894,234
Rollei ATP DC,,"manufacturer,physical_state,preparation,reuse_mode,capacity_text,shelf_life_unopened,shelf_life_opened,shelf_life_stock,shelf_life_working",1,1
Rollei D74,,"manufacturer,physical_state,preparation,reuse_mode,capacity_text,shelf_life_unopened,shelf_life_opened,shelf_life_stock,shelf_life_working",79,35
Rollei RHS DC,,"manufacturer,physical_state,preparation,reuse_mode,capacity_text,shelf_life_unopened,shelf_life_opened,shelf_life_stock,shelf_life_working",8,7
Rollei RLC Low Contrast,Hans O. Mahn GmbH & Co. KG / MACO PHOTO PRODUCTS,"reuse_mode,capacity_text,shelf_life_unopened,shelf_life_opened,shelf_life_stock,shelf_life_working",9,7
Rollei RLS Low Speed,Hans O. Mahn GmbH & Co. KG / MACO PHOTO PRODUCTS,"reuse_mode,capacity_text,shelf_life_unopened,shelf_life_opened,shelf_life_stock,shelf_life_working",48,34
Rollei RPX-D,,"manufacturer,physical_state,preparation,reuse_mode,capacity_text,shelf_life_unopened,shelf_life_opened,shelf_life_stock,shelf_life_working",13,8
Rollei RSL Superlith,,"manufacturer,physical_state,preparation,reuse_mode,capacity_text,shelf_life_unopened,shelf_life_opened,shelf_life_stock,shelf_life_working",1,1
Rollei Supergrain,Hans O. Mahn GmbH & Co. KG / MACO PHOTO PRODUCTS,"preparation,reuse_mode,shelf_life_unopened,shelf_life_opened,shelf_life_stock,shelf_life_working",45,33
Rollo Pyro,,"manufacturer,physical_state,preparation,reuse_mode,capacity_text,shelf_life_unopened,shelf_life_opened,shelf_life_stock,shelf_life_working",9,6
Romek PQ7,,"manufacturer,physical_state,preparation,reuse_mode,capacity_text,shelf_life_unopened,shelf_life_opened,shelf_life_stock,shelf_life_working",13,10
Romek PQ9,,"manufacturer,physical_state,preparation,reuse_mode,capacity_text,shelf_life_unopened,shelf_life_opened,shelf_life_stock,shelf_life_working",2,2
Silberra Aphenol,Silberra,"shelf_life_opened,shelf_life_stock",6,6
Silberra Ascorol,Silberra,shelf_life_stock,56,51
Silberra Micro-F,Silberra,"shelf_life_opened,shelf_life_stock",2,2
Silberra Microl,Silberra,"shelf_life_opened,shelf_life_stock",5,5
Silberra Pyro-HD,Silberra,"capacity_text,shelf_life_opened,shelf_life_stock",6,4
Silberra RDN-LQ,,"manufacturer,physical_state,preparation,reuse_mode,capacity_text,shelf_life_unopened,shelf_life_opened,shelf_life_stock,shelf_life_working",14,10
Silberra S-76,Silberra,"shelf_life_opened,shelf_life_stock",10,6
Silvermax,ADOX Fotowerke GmbH,"physical_state,preparation,shelf_life_stock",38,22
SP-76EC,,"manufacturer,physical_state,preparation,reuse_mode,capacity_text,shelf_life_unopened,shelf_life_opened,shelf_life_stock,shelf_life_working",22,12
SP-Ultra 4LF,,"manufacturer,physical_state,preparation,reuse_mode,capacity_text,shelf_life_unopened,shelf_life_opened,shelf_life_stock,shelf_life_working",10,10
SPD,,"manufacturer,physical_state,preparation,reuse_mode,capacity_text,shelf_life_unopened,shelf_life_opened,shelf_life_stock,shelf_life_working",44,17
Sprint Standard,Sprint Systems of Photography,"shelf_life_unopened,shelf_life_opened,shelf_life_stock,shelf_life_working",73,61
Spur Dokuspeed SL,SPUR Photochemie Dr. Heidrich und Schain GbR,"preparation,shelf_life_opened,shelf_life_stock",7,1
Spur Dokuspeed SL-N,SPUR Photochemie Dr. Heidrich und Schain GbR,"preparation,shelf_life_opened,shelf_life_stock",6,1
Spur HRX,SPUR Photochemie Dr. Heidrich und Schain GbR,"reuse_mode,shelf_life_opened,shelf_life_stock,shelf_life_working",53,46
Spur Modular UR,,"manufacturer,physical_state,preparation,reuse_mode,capacity_text,shelf_life_unopened,shelf_life_opened,shelf_life_stock,shelf_life_working",1,1
Spur Nanospeed,,"manufacturer,physical_state,preparation,reuse_mode,capacity_text,shelf_life_unopened,shelf_life_opened,shelf_life_stock,shelf_life_working",1,1
Spur Nanotech UR,SPUR Photochemie Dr. Heidrich und Schain GbR,"preparation,reuse_mode,capacity_text,shelf_life_unopened,shelf_life_opened,shelf_life_stock,shelf_life_working",12,2
Spur NHC,SPUR Photochemie Dr. Heidrich und Schain GbR,"physical_state,preparation,reuse_mode,capacity_text,shelf_life_unopened,shelf_life_opened,shelf_life_stock,shelf_life_working",49,18
Spur Omega X,SPUR Photochemie Dr. Heidrich und Schain GbR,"reuse_mode,capacity_text,shelf_life_opened,shelf_life_stock",6,6
Spur PXD,,"manufacturer,physical_state,preparation,reuse_mode,capacity_text,shelf_life_unopened,shelf_life_opened,shelf_life_stock,shelf_life_working",13,9
Spur SD 2525,SPUR Photochemie Dr. Heidrich und Schain GbR,"reuse_mode,capacity_text,shelf_life_opened,shelf_life_stock,shelf_life_working",31,28
Spur SHADOWmax,SPUR Photochemie Dr. Heidrich und Schain GbR,"reuse_mode,capacity_text,shelf_life_unopened,shelf_life_opened,shelf_life_stock,shelf_life_working",67,14
Spur SLD,SPUR Photochemie Dr. Heidrich und Schain GbR,"physical_state,preparation,reuse_mode,capacity_text,shelf_life_unopened,shelf_life_opened,shelf_life_stock,shelf_life_working",128,46
Spur Speed-Major,SPUR Photochemie Dr. Heidrich und Schain GbR,"physical_state,preparation,reuse_mode,capacity_text,shelf_life_unopened,shelf_life_opened,shelf_life_stock,shelf_life_working",184,32
Spur TRX 2000,SPUR Photochemie Dr. Heidrich und Schain GbR,"physical_state,preparation,reuse_mode,capacity_text,shelf_life_unopened,shelf_life_opened,shelf_life_stock,shelf_life_working",66,47
Spur UFP,SPUR Photochemie Dr. Heidrich und Schain GbR,"preparation,reuse_mode,shelf_life_unopened,shelf_life_opened,shelf_life_stock,shelf_life_working",33,33
Stoeckler,,"manufacturer,physical_state,preparation,reuse_mode,capacity_text,shelf_life_unopened,shelf_life_opened,shelf_life_stock,shelf_life_working",2,1
Studional,BERGGER,"physical_state,preparation,reuse_mode,capacity_text,shelf_life_unopened,shelf_life_opened,shelf_life_stock,shelf_life_working",97,53
Suprol,,"manufacturer,physical_state,preparation,reuse_mode,capacity_text,shelf_life_unopened,shelf_life_opened,shelf_life_stock,shelf_life_working",31,29
Tanol,Moersch Photochemie,"reuse_mode,shelf_life_opened,shelf_life_stock,shelf_life_working",75,47
Tanol Speed,Moersch Photochemie,"reuse_mode,shelf_life_opened,shelf_life_stock",10,10
TD-3,,"manufacturer,physical_state,preparation,reuse_mode,capacity_text,shelf_life_unopened,shelf_life_opened,shelf_life_stock,shelf_life_working",3,2
TFX-2,,"manufacturer,physical_state,preparation,reuse_mode,capacity_text,shelf_life_unopened,shelf_life_opened,shelf_life_stock,shelf_life_working",5,5
TMax Dev,Kodak Alaris,"shelf_life_opened,shelf_life_stock",333,104
TMax RS,Kodak Alaris,"preparation,capacity_text,shelf_life_opened,shelf_life_stock",165,53
Ultrafin,,"manufacturer,physical_state,preparation,reuse_mode,capacity_text,shelf_life_unopened,shelf_life_opened,shelf_life_stock,shelf_life_working",141,70
Ultrafin T-Plus,,"manufacturer,physical_state,preparation,reuse_mode,capacity_text,shelf_life_unopened,shelf_life_opened,shelf_life_stock,shelf_life_working",38,35
Ultrafine Endurance,,"manufacturer,physical_state,preparation,reuse_mode,capacity_text,shelf_life_unopened,shelf_life_opened,shelf_life_stock,shelf_life_working",16,16
Ultrafine Liquid,,"manufacturer,physical_state,preparation,reuse_mode,capacity_text,shelf_life_unopened,shelf_life_opened,shelf_life_stock,shelf_life_working",44,25
Ultrafine Powder,,"manufacturer,physical_state,preparation,reuse_mode,capacity_text,shelf_life_unopened,shelf_life_opened,shelf_life_stock,shelf_life_working",33,20
Uncle Mort's,,"manufacturer,physical_state,preparation,reuse_mode,capacity_text,shelf_life_unopened,shelf_life_opened,shelf_life_stock,shelf_life_working",29,23
UPB-1,,"manufacturer,physical_state,preparation,reuse_mode,capacity_text,shelf_life_unopened,shelf_life_opened,shelf_life_stock,shelf_life_working",1,1
WD2D+,,"manufacturer,physical_state,preparation,reuse_mode,capacity_text,shelf_life_unopened,shelf_life_opened,shelf_life_stock,shelf_life_working",24,22
Wehner Developer,,"manufacturer,physical_state,preparation,reuse_mode,capacity_text,shelf_life_unopened,shelf_life_opened,shelf_life_stock,shelf_life_working",5,4
Wiedermann RSC,,"manufacturer,physical_state,preparation,reuse_mode,capacity_text,shelf_life_unopened,shelf_life_opened,shelf_life_stock,shelf_life_working",2,2
Windisch,,"manufacturer,physical_state,preparation,reuse_mode,capacity_text,shelf_life_unopened,shelf_life_opened,shelf_life_stock,shelf_life_working",2,2
XT-3,ADOX Fotowerke GmbH,"shelf_life_opened,shelf_life_working",956,160
Xtol,Kodak Alaris,"shelf_life_unopened,shelf_life_opened,shelf_life_working",1022,181
